case_number,court_id,state,district,case_category,case_type,current_stage,case_age_days,priority_score,priority_label,priority_emoji,disposal_days,legal_urgency_score,delay_risk_score,urgency_flags
CASE/2236/2022,KAR-HUB-12,Karnataka,Hubballi,General_Criminal,Criminal,Execution,3349,90.63,Critical,🔴,53,75.0,100.0,⚠️ STATUTORY DEADLINE BREACHED (3349d > 730d); 🔴 BNSS 479: Undertrial exceeds 1/3 max sentence (3349d ≥ 608d); 🟠 Stagnation detected: 186d in 'Execution' stage; 📛 Aged case: 9+ years pending
CASE/2147/2015,MAD-GWA-06,Madhya Pradesh,Gwalior,General_Criminal,Criminal,Judgment,2415,90.46,Critical,🔴,48,80.0,100.0,⚠️ STATUTORY DEADLINE BREACHED (2415d > 730d); 🔴 BNSS 479: Undertrial exceeds 1/3 max sentence (2415d ≥ 608d); 🟥 Critical stagnation: 254d in 'Judgment' stage (limit 60d); 📛 Aged case: 6+ years pending
CASE/4183/2019,GUJ-AHM-17,Gujarat,Ahmedabad,General_Criminal,Criminal,Execution,1985,89.58,Critical,🔴,50,80.0,100.0,⚠️ STATUTORY DEADLINE BREACHED (1985d > 730d); 🔴 BNSS 479: Undertrial exceeds 1/3 max sentence (1985d ≥ 608d); 🟥 Critical stagnation: 242d in 'Execution' stage (limit 120d); 📛 Aged case: 5+ years pending
CASE/6057/2017,MAD-IND-02,Madhya Pradesh,Indore,General_Criminal,Criminal,Execution,2818,89.54,Critical,🔴,54,75.0,100.0,⚠️ STATUTORY DEADLINE BREACHED (2818d > 730d); 🔴 BNSS 479: Undertrial exceeds 1/3 max sentence (2818d ≥ 608d); 🟠 Stagnation detected: 183d in 'Execution' stage; 📛 Aged case: 7+ years pending
CASE/0448/2015,RAJ-UDA-08,Rajasthan,Udaipur,General_Criminal,Criminal,Judgment,2519,88.93,Critical,🔴,50,75.0,100.0,⚠️ STATUTORY DEADLINE BREACHED (2519d > 730d); 🔴 BNSS 479: Undertrial exceeds 1/3 max sentence (2519d ≥ 608d); 🟠 Stagnation detected: 112d in 'Judgment' stage; 📛 Aged case: 6+ years pending
CASE/0300/2017,RAJ-JOD-05,Rajasthan,Jodhpur,NDPS,Criminal,Arguments,2263,88.4,Critical,🔴,53,75.0,100.0,⚠️ STATUTORY DEADLINE BREACHED (2263d > 1095d); 🔴 BNSS 479: Undertrial exceeds 1/3 max sentence (2263d ≥ 1216d); 🟠 Stagnation detected: 138d in 'Arguments' stage; 📛 Aged case: 6+ years pending
CASE/5678/2017,DEL-EAS-10,Delhi,East,NDPS,Criminal,Judgment,2081,88.03,Critical,🔴,53,75.0,100.0,⚠️ STATUTORY DEADLINE BREACHED (2081d > 1095d); 🔴 BNSS 479: Undertrial exceeds 1/3 max sentence (2081d ≥ 1216d); 🟠 Stagnation detected: 111d in 'Judgment' stage; 📛 Aged case: 5+ years pending
CASE/2610/2019,KAR-BEN-18,Karnataka,Bengaluru,General_Criminal,Criminal,Execution,3589,87.62,Critical,🔴,55,65.0,100.0,⚠️ STATUTORY DEADLINE BREACHED (3589d > 730d); 🔴 BNSS 479: Undertrial exceeds 1/3 max sentence (3589d ≥ 608d); 📛 Aged case: 9+ years pending
CASE/1951/2023,TAM-COI-14,Tamil Nadu,Coimbatore,General_Criminal,Criminal,Execution,3588,87.62,Critical,🔴,55,65.0,100.0,⚠️ STATUTORY DEADLINE BREACHED (3588d > 730d); 🔴 BNSS 479: Undertrial exceeds 1/3 max sentence (3588d ≥ 608d); 📛 Aged case: 9+ years pending
CASE/7942/2019,BIH-PAT-18,Bihar,Patna,NDPS,Criminal,Execution,3553,87.55,Critical,🔴,55,65.0,100.0,⚠️ STATUTORY DEADLINE BREACHED (3553d > 1095d); 🔴 BNSS 479: Undertrial exceeds 1/3 max sentence (3553d ≥ 1216d); 📛 Aged case: 9+ years pending
CASE/3473/2023,DEL-CEN-15,Delhi,Central,NDPS,Criminal,Execution,3435,87.31,Critical,🔴,57,65.0,100.0,⚠️ STATUTORY DEADLINE BREACHED (3435d > 1095d); 🔴 BNSS 479: Undertrial exceeds 1/3 max sentence (3435d ≥ 1216d); 📛 Aged case: 9+ years pending
CASE/3655/2022,BIH-PAT-18,Bihar,Patna,General_Criminal,Criminal,Execution,3360,87.15,Critical,🔴,56,65.0,100.0,⚠️ STATUTORY DEADLINE BREACHED (3360d > 730d); 🔴 BNSS 479: Undertrial exceeds 1/3 max sentence (3360d ≥ 608d); 📛 Aged case: 9+ years pending
CASE/4640/2024,MAD-BHO-07,Madhya Pradesh,Bhopal,NDPS,Criminal,Execution,3273,86.98,Critical,🔴,54,65.0,100.0,⚠️ STATUTORY DEADLINE BREACHED (3273d > 1095d); 🔴 BNSS 479: Undertrial exceeds 1/3 max sentence (3273d ≥ 1216d); 📛 Aged case: 8+ years pending
CASE/4132/2015,WES-DUR-12,West Bengal,Durgapur,General_Criminal,Criminal,Arguments,3246,86.92,Critical,🔴,51,65.0,100.0,⚠️ STATUTORY DEADLINE BREACHED (3246d > 730d); 🔴 BNSS 479: Undertrial exceeds 1/3 max sentence (3246d ≥ 608d); 📛 Aged case: 8+ years pending
CASE/9450/2016,GUJ-RAJ-18,Gujarat,Rajkot,General_Criminal,Criminal,Execution,3248,86.92,Critical,🔴,54,65.0,100.0,⚠️ STATUTORY DEADLINE BREACHED (3248d > 730d); 🔴 BNSS 479: Undertrial exceeds 1/3 max sentence (3248d ≥ 608d); 📛 Aged case: 8+ years pending
CASE/3269/2016,WES-KOL-12,West Bengal,Kolkata,NDPS,Criminal,Execution,3238,86.9,Critical,🔴,57,65.0,100.0,⚠️ STATUTORY DEADLINE BREACHED (3238d > 1095d); 🔴 BNSS 479: Undertrial exceeds 1/3 max sentence (3238d ≥ 1216d); 📛 Aged case: 8+ years pending
CASE/0481/2022,UTT-LUC-08,Uttar Pradesh,Lucknow,NDPS,Criminal,Arguments,3224,86.87,Critical,🔴,56,65.0,100.0,⚠️ STATUTORY DEADLINE BREACHED (3224d > 1095d); 🔴 BNSS 479: Undertrial exceeds 1/3 max sentence (3224d ≥ 1216d); 📛 Aged case: 8+ years pending
CASE/7884/2019,KAR-BEN-15,Karnataka,Bengaluru,General_Criminal,Criminal,Arguments,3194,86.81,Critical,🔴,50,65.0,100.0,⚠️ STATUTORY DEADLINE BREACHED (3194d > 730d); 🔴 BNSS 479: Undertrial exceeds 1/3 max sentence (3194d ≥ 608d); 📛 Aged case: 8+ years pending
CASE/9661/2024,MAH-MUM-06,Maharashtra,Mumbai,General_Criminal,Criminal,Arguments,3121,86.66,Critical,🔴,52,65.0,100.0,⚠️ STATUTORY DEADLINE BREACHED (3121d > 730d); 🔴 BNSS 479: Undertrial exceeds 1/3 max sentence (3121d ≥ 608d); 📛 Aged case: 8+ years pending
CASE/5219/2015,RAJ-JOD-02,Rajasthan,Jodhpur,NDPS,Criminal,Execution,3017,86.45,Critical,🔴,58,65.0,100.0,⚠️ STATUTORY DEADLINE BREACHED (3017d > 1095d); 🔴 BNSS 479: Undertrial exceeds 1/3 max sentence (3017d ≥ 1216d); 📛 Aged case: 8+ years pending
